Frozen,Häagen-Dazs Strawberry Cheesecake Ice Cream  460ml (Frozen)
Frozen,Oppo Ice Cream Salted Caramel Ice Cream with a Hint of Lucuma  475ml (Frozen)
Baby Food,Peppa Pig Strawberry Fromage Frais 6x45g
Hampers & Gourmet Gifts,Leffe Blonde Beer Bottle  4 x 330ml
Hampers & Gourmet Gifts,Ciu Ciu Offida Pecorino Le Merlettaie 2015  75cl
Beer  Wine & Spirits,Edinburgh Gin Rhubarb and Ginger Liqueur  50 cl
Home Care & Cleaning,Comfort Pure Concentrate Fabric Conditioner  85 Washes  3 Ls
Drinks,Yorkshire Tea Bags 480
Beer  Wine & Spirits,Tanqueray Dry London Gin  1 Litre
Bakery,Warburtons Toastie White Bread  800 g
Fresh & Chilled,Berry World Fresh Raspberries  150 g
Bakery,GAIL's San Francisco Sourdough Loaf  500 g
Fresh & Chilled,Cucumber Each
Beer  Wine & Spirits,Highland Park 12 Year Old Orkney Malt Whisky Bottle  70 cl
Fresh & Chilled,Mixed Peppers 3 Pack
Hampers & Gourmet Gifts,Camisa Classic Italian Gift Hamper
Food Cupboard,LÄRABAR Apple Cinnamon Fruit and Nut Bar  3 x 45 g
Home Care & Cleaning,HG Liquid Drain Unblocker 1L - Unblocks your drain within 30 minutes
Baby Food,Ella's Kitchen Organic Bananas + Apples Pouch 4+ Months 120g
Fresh & Chilled,Farm Folk Large Brown Onion 3 Pack
Baby Food,Organix Fingerfoods Organic Sweetcorn Rings 7 months+  20g
Bakery,Mission Deli 6 Original Mini Wraps
Fresh & Chilled,Wonderfully Curious Ripe and Ready Avocados - Pack of 2
Hampers & Gourmet Gifts,Morrisons The Best Red Fox Truckle  200 g
Food Cupboard,Galaxy Ripple Milk Chocolate Bars Multipack 7 x 33 g
Frozen,Morrisons Thin Cut French Fries  1.2kg (Frozen)
Bakery,Kelloggs Pop Tarts Frosted Strawberry Sensation  8 x 50g
Fresh & Chilled,Liberty Farm Large Free Range Eggs  12 eggs
Baby Food,Heinz Farley's Original Rusks  4-6+ Months  300 g
Drinks,Evian Still Natural Mineral Water  6 x 50 cL
Bakery,St Pierre 6 Brioche Hot Dog Rolls
Home Care & Cleaning,OXO Good Grips Deep Clean Brush Set
Bakery,Hovis Medium Soft White Bread  800g
Drinks,Pack of 100 - Unbleached Coffee Papers - Size Four (4)
Hampers & Gourmet Gifts,Whole Foods Market Italian Hamper  5.79 kg
Drinks,Buxton Still Natural Mineral Water 6x1.5L
Food Cupboard,Ferrero Collection  48 Pieces
Food Cupboard,Morrisons Pure Clear Honey  454g
Hampers & Gourmet Gifts,Schwartz Herbes de Provence  11g
Food Cupboard,Ferrero Rocher  42 Pieces  525 g
Baby Food,ORGANIX (VEGETARIAN) Organic Carrot Cake Cereal Bar 6x30g (PACK OF 1)
Food Cupboard,Walkers French Fries Variety Multipack Snacks  12 x 18 g
Baby Food,SMA PRO First Infant Milk  From Birth  200ml (Pack of 12)
Baby Food,McVitie's Iced Gems 6 x 25g
Food Cupboard,Cadbury Timeout Wafer Bars  7 x 21.2g
Drinks,NESCAFÉ DOLCE GUSTO Chococino Coffee Pods  16 Capsules (Pack of 3 - Total 48 Capsules  24 Servings)
Food Cupboard,Buy Whole Foods Online Organic Pumpkin Seeds 1 Kg
Bakery,Paul Hollywood 6 Ready to Bake White Crusty Rolls
Drinks,Fanta Orange Zero 6 x 330 ml
Bakery,Warburtons Seeded Batch Bread  800g
Hampers & Gourmet Gifts,Bumper Retro Sweets Selection Luxury Red Gift Box With A Gold Bow; Crammed Full Of The Most Iconic Sweets From Your Childhood Sweetshop
Food Cupboard,Grenade Carb Killa High Protein and Low Carb Bar  12 x 60 g - Caramel Chaos
Drinks,Pepsi Max  330 ml (Pack of 24)
Beer  Wine & Spirits,Stella Artois Premium Lager Beer Bottles 20 x 284ml
Food Cupboard,Lotus Biscoff Original Caramelised Biscuit  250 g
Bakery,Baker Street Seeded Rye Bread
Frozen,Morrisions Very Fine Green Beans  500g (Frozen)
Fresh & Chilled,Nature's Premium Organic Carrots 750g
Food Cupboard,Green & Black's Organic Tasting Collection Boxed Chocolates  395g
Beer  Wine & Spirits,Seedlip Spice 94 Non-alcoholic Spirit  70cl
Hampers & Gourmet Gifts,Swizzels Retro Sweet Hamper - 1.1Kg sweets
Beer  Wine & Spirits,Laphroaig Quarter Cask Single Malt Scotch Whisky  70 cl
Fresh & Chilled,Curious Easy Peelers  600 g
Frozen,Morrisons Raspberries  350g (Frozen)
Home Care & Cleaning,Vax Ultra Plus Carpet Cleaning Solution Rose Burst Scent  1.5 L
Home Care & Cleaning,Spontex Essentials Sponge Scourers  10 Scourers
Beer  Wine & Spirits,Absolut Vodka  1 L
Food Cupboard,Monin Premium Caramel Syrup 1 L
Home Care & Cleaning,Vileda Turbo 2-in-1 Microfibre Mop Refill Head  Pack of 2-Red
Frozen,Morrisons Ready Prepared Sliced Red Onions  650g (Frozen)
Fresh & Chilled,Curious Organic Fairtrade Ripe & Ready Bananas 6 Pack
Fresh & Chilled,The Tomato Stall Organic Large Vine Tomatoes 425g
Frozen,Morrisons Cheese Pizza Thin  318g (Frozen)
Baby Food,Organix Brands Organic Apple Rice Cakes 50 g
Frozen,Morrisons Peeled and Cooked King Prawns  200g (Frozen)
Baby Food,Nature Valley Nut Butter Peanut Biscuits  4 x 38 g
Hampers & Gourmet Gifts,Leffe Brune Beer Bottle  75cl
Beer  Wine & Spirits,Auchentoshan American Oak Single Malt Scotch Whisky  70 cl
Frozen,Morrisons The Best Raw Peeled Jumbo King Prawns   225g (Frozen)
Home Care & Cleaning,Morrisons Thick Bleach Citrus  750ml
Baby Food,Holle Organic Infant Formula Stage-1 400 g (Pack of 2)
Drinks,Highland Spring Still Spring Water  12 x 500ml
Drinks,Highland Spring Sparkling Spring Water  12 x 500ml
Baby Food,Ella's Kitchen Organic Sweet Potato Pumpkin Apple and Blueberries  120g
Baby Food,Nestlé CERELAC Wheat with Milk Infant Cereal 1kg  6 months+
Drinks,San Pellegrino Sparkling Natural Mineral Water 6x1L
Baby Food,Aptamil Profutura First Infant Milk Stage 1 from Birth  800g
Frozen,Morrisons Sliced Mixed Peppers  500g (Frozen)
Beer  Wine & Spirits,Roku Japanese Craft Gin  70 cl
Home Care & Cleaning,Inspired IPA Solvent Cleaning Fluid
Food Cupboard,Morrisons Red Kidney Beans  400g
Fresh & Chilled,Baby Plum Tomatoes 275g
Drinks,Volvic Natural Mineral Water 6 x 1.5 L
Drinks,Evian Still Natural Mineral Water  6 x 1.5 L
Food Cupboard,Bumper Retro Sweets Selection Luxury Red Gift Box With A Gold Bow; Crammed Full Of The Most Iconic Sweets From Your Childhood Sweetshop
Bakery,Mission Deli 8 Super Soft Original Wrap
Drinks,Coca-Cola Zero Sugar  18 x 330 ml
Bakery,Hovis Original 7 Seeds Bread 800g
Fresh & Chilled,Love Me Tender Root Ginger 100g
Drinks,Diet Coke  18 x 330 ml
Frozen,Birds Eye 10 Omega 3 Fish Fingers  280g (Frozen)
Fresh & Chilled,Burgess Harvest Broccoli 335g
Fresh & Chilled,Curious Unwaxed Lemons - Pack of 5
Hampers & Gourmet Gifts,London Essence Company Ginger Beer 500ml
Food Cupboard,Napolina Chopped Tomatoes  4 x 400g
Baby Food,SMA PRO First Infant Milk  From Birth  Starter Pack  70ml (Pack of 6)
Baby Food,Holle Rolled Oats Porridge 3 X 250 G
Frozen,Birds Eye 10 Cod Fish Fingers  280g (Frozen)
Bakery,St Pierre Brioche Loaf
Beer  Wine & Spirits,Whitley Neill Rhubarb & Ginger Gin  70 cl
Frozen,Morrisons British Garden Peas  1.5kg (Frozen)
Bakery,Fibre One 90 Calorie Chocolate Fudge Brownie Bars 5x24g
Drinks,Highland Spring Still Spring Water  24 x 330ml
Bakery,McVitie's Twin Pack Jaffa Cakes
Home Care & Cleaning,Andrex Supreme Quilts Toilet  Tissue - 16 Rolls
Bakery,Hovis Best Of Both Medium White Bread 750g
Drinks,Robinsons Apple & Blackurrant Squash  1 L
Fresh & Chilled,Curious Fairtrade Ripe and Ready Bananas - Pack of 5
Beer  Wine & Spirits,Aberlour 12 Year Old Single Malt Scotch Whisky  70 cl
Baby Food,APTAMIL 1ST INF/1 FR/BIRTH800G
Fresh & Chilled,Berry World Fresh Strawberries  227 g
Baby Food,Ella's Kitchen The Purple One Fruit Smoothie Multi Organic   5 x 90g Packets
Frozen,Morrisons Petit Pois  500g (Frozen)
Frozen,Birds Eye 4 Large Cod Fillets in  Batter  480g (Frozen)
Food Cupboard,Monin Premium Vanilla Syrup 1 L
Home Care & Cleaning,simplehuman CW0168 Code H  Custom Fit Bin Liners  20 Liners  White  30-35 L
Baby Food,Kiddylicious Coconut Rolls   6.8g  Pack of 5
Bakery,Morrisons White Tortilla Wraps  8 Wraps 320g
Drinks,Monin Premium Vanilla Sugar Free Syrup 1 L
Food Cupboard,Heinz Baked Beans in Tomato Sauce  415 g (Pack of 4)
Beer  Wine & Spirits,Laphroaig Select Islay Single Malt Scotch Whisky  70 cl
Bakery,Warburtons White Farmhouse Bread  800 g
Home Care & Cleaning,Dettol Antibacterial Surface Cleaning Disinfectant Wipes  252 Wipes  Pack of 3 x 84
Hampers & Gourmet Gifts,L'Aquila Dried Wild Porcini Mushrooms  40 g
Beer  Wine & Spirits,Buffalo Trace Kentucky Straight Bourbon Whiskey  70 cl
Frozen,Morrisons Ready Prepared Butternut Squash Chunks  500g (Frozen)
Food Cupboard,Kit Kat Chunky Milk Chocolate Bar  4 x 40g
Drinks,Monin Premium Caramel Sugar Free Syrup 1 L
Baby Food,Heinz Spaghetti Bolognese  400 g
Bakery,Warburtons Crumpets  6 Pack
Home Care & Cleaning,Dr Beckmann Carpet Stain Remover with Cleaning Applicator/Brush  White  650 ml
Bakery,Baker Street Rye and Wheat Bread
Food Cupboard,Biona Organic Apple Cider Vinegar Unfiltered with the Mother  5 Litre
Fresh & Chilled,Morrisons Semi Skimmed British Milk  4 pints
Beer  Wine & Spirits,Monkey 47 Schwarzwald Dry Gin  50 cl
Fresh & Chilled,Burgess Harvest Courgette 3 Pack
Home Care & Cleaning,BRITA Maxtra+ Water Filter Cartridges  White  Pack of 3 (UK Version)
Drinks,Highland Spring Still Spring Water  6 x 1.5L
Beer  Wine & Spirits,Dalwhinnie Winter's Gold Whisky  70 cl
Home Care & Cleaning,Morrisons  Strong and Absorbent Kitchen Towel  6 rolls
Beer  Wine & Spirits,Budweiser Lager Beer Bottles  20 x 300ml
Beer  Wine & Spirits,Lagavulin 16 Years Old Single Malt Scotch Whisky  70cl
Beer  Wine & Spirits,Aber Falls Orange Marmalade Gin
Drinks,Capri-Sun Drink Orange  10 x 200 ml
Fresh & Chilled,Berry World Fresh Blueberries  150 g
Frozen,Dr. Oetker Ristorante Pepperoni-Salame Pizza  320g (Frozen)
Beer  Wine & Spirits,Seedlip Garden 108 Non-alcoholic Spirit  70cl
Hampers & Gourmet Gifts,Paxton & Whitfield Minced Black Truffle  80 g
Hampers & Gourmet Gifts,Pistonhead Can Beer
Home Care & Cleaning,Pack of 100 - Unbleached Coffee Papers - Size Four (4)
Baby Food,Kiddylicious Veggie Straws  12 g
Home Care & Cleaning,Vax Steam Detergent Citrus Burst 1L
Home Care & Cleaning,HG Mould Remover Foam Spray - The most effective black mould remover
Home Care & Cleaning,Vileda 1-2 Spray Floor Cleaning Liquid  750 ml Transparent Pack of 2
Frozen,Ice Co Limited Party Ice Cubes  2kg (Frozen)
Beer  Wine & Spirits,Bowmore No.1 Single Malt Scotch Whisky  70 cl
Home Care & Cleaning,Domestos Bleach Original 750ml
Frozen,Birds Eye Garden Peas  375g (Frozen)
Beer  Wine & Spirits,Zymurgorium Sweet Violet Gin  50 cl
Fresh & Chilled,Vitacress Pre-Washed Young Leaf Spinach 250g
Hampers & Gourmet Gifts,English Tea Shop Organic Super Tea Collection (Pack of 48 Tea Bags)
Fresh & Chilled,Farm Folk Garlic 3 Pack
Bakery,Old El Paso 6 Regular Original Gluten Free Tortillas -216g
Food Cupboard,Tate And Lyle Fairtrade Granulated Sugar  1kg
Home Care & Cleaning,Clinell Universal Disinfectant Wipes - Pack of 200 Large Wipes
Beer  Wine & Spirits,Tanqueray Flor De Sevilla Gin  70 cl
Bakery,Warburtons Wholemeal Medium Bread  800 g
Food Cupboard,Hellmann's Real Squeezy Mayonnaise 750 ml
Bakery,Morrisons Mini Breadsticks  100g
Baby Food,innocent kids smoothie oranges  mangoes & pineapples 4x180ml
Frozen,Morrisons Whole Leaf Spinach  1kg (Frozen)
Drinks,Volvic Still Mineral Water  24 x 500ml
Home Care & Cleaning,Kärcher 500 ml Glass Cleaning Concentrate for Window Vac
Baby Food,Organix Finger Foods Crunchy Carrot Sticks  Organic 20g
Fresh & Chilled,Love Me Tender Trimmed Fine Green Beans 200g
Drinks,Simply Sugar Free Caramel Syrup 1 Litre
Fresh & Chilled,Burgess Harvest Carrots 1kg
Frozen,Morrisons Blackforest Fruit Mix  500g (Frozen)
Home Care & Cleaning,Comfort Blue Skies Concentrate Fabric Conditioner  85 Washes
Home Care & Cleaning,Fairy All-in-One Platinum Dishwasher Tablets Lemon  Brilliant Shine  Though Food and Greasy Filter Cleaning  XXL Pack  70 Tablets
Frozen,Morrisons Summer Fruit Mix  500g (Frozen)
Home Care & Cleaning,Andrex Classic Clean Toilet Roll Tissue Paper - 16 Rolls
Baby Food,Bear Fruit Paws Dino Strawberry & Apple Multipack 5 x 20g
Hampers & Gourmet Gifts,Morrisons Spanish Platter  120g
Frozen,McCain Crispy French Fries  900g (Frozen)
Beer  Wine & Spirits,Gordon's Special Dry Gin  1L
Bakery,Warburtons Crumpets - 9 Pack
Bakery,Warburtons 6 Plain Thin Bagels Sliced
Drinks,Coca-Cola Original Taste  330ml  Pack of 15
Hampers & Gourmet Gifts,Letterbox Buster: Packed Full Of Your Favourite  Mouthwatering Retro Sweets From Your Childhood Sweetshop.
Frozen,Morrisons Frozen Blueberries  350g (Frozen)
Fresh & Chilled,Farm Folk Bunched Spring Onions 100g
Food Cupboard,Heinz Tomato Ketchup  910 g
Food Cupboard,Twix Biscuit Fingers Multipack 9 x 23 g
Drinks,Slim-Fast Milkshake Cafe Latte 6X325Ml
Food Cupboard,LÄRABAR Banana Choc Chip Fruit and Nut Bar  3 x 45 g
Beer  Wine & Spirits,Ardmore Legacy Highland Single Malt Scotch Whisky  70 cl
Baby Food,SMA PRO First Infant Milk  From Birth  800g
